<?xml version="1.0" encoding="utf-8"?>
<install version="1.5" type="plugin" group="user" method="upgrade">
	<name>User - Jwhmcs</name>
	<creationDate>2011 July 5</creationDate>
	<author>Go Higher Information Services</author>
	<authorEmail>development@gohigheris.com</authorEmail>
	<authorUrl>http://gohigheris.com</authorUrl>
	<copyright>2009 - 2011 Go Higher Information Services.  All rights reserved.</copyright>
	<license>GNU General Public License version 2, or later</license>
	<version>2.2.7</version>
	<description>WHMCS Integration User Event Manager</description>
	<files>
		<filename plugin="jwhmcs_user">jwhmcs_user.php</filename>
	</files>
	
	<params>
		<param name="uservers" type="hidden" default="2.2.7" label="" />
	</params>
</install>