<?xml version="1.0" encoding="utf-8"?>
<extension type="component" version="1.6.0" method="upgrade">
	<name>com_jwhmcs</name>
	<creationDate>2012 April 19</creationDate>
	<author>Go Higher Information Services</author>
	<authorEmail>development@gohigheris.com</authorEmail>
	<authorUrl>https://www.gohigheris.com</authorUrl>
	<copyright>2009 - 2011 Go Higher Information Services.  All rights reserved.</copyright>
	<license>GNU/GPL v2 or later http://www.gnu.org/licenses/gpl-2.0.html</license>
	<version>2.3.7.5</version>
	<description>COM_JWHMCS_XML_DESCRIPTION</description>
	
	<scriptfile>script.php</scriptfile>
	
	<install>		<!-- SQL Runs on install -->
		<sql>
			<file driver="mysql" charset="utf8">sql/install.mysql.utf8.sql</file>
		</sql>
	</install>
	
	<uninstall>		<!-- SQL Runs on uninstall -->
		<sql>
			<file driver="mysql" charset="utf8">sql/uninstall.mysql.utf8.sql</file>
		</sql>
	</uninstall>
	
	<update />		<!-- SQL Runs on update -->
	
	<!-- Public front end files -->
	<files folder="site">
		<filename>index.html</filename>
		<filename>controller.php</filename>
		<filename>jwhmcs.php</filename>
		<filename>recaptchalib.php</filename>
		<filename>router.php</filename>
		<folder>controllers</folder>
		<folder>language</folder>
		<folder>models</folder>
		<folder>views</folder>
	</files>
	
	<media destination="com_jwhmcs" folder="media">
		<filename>freeemaildomains.txt</filename>
		<filename>index.html</filename>
		<folder>css</folder>
		<folder>icons</folder>
		<folder>images</folder>
		<folder>js</folder>
	</media>
	
	<administration>
		<menu img="../media/com_jwhmcs/icons/j-16-jwhmcs.png">COM_JWHMCS_MENU</menu>
		
		<!-- Back-end files -->
		<files folder="admin">
			<folder>classes</folder>
			<folder>controllers</folder>
			<folder>files</folder>
			<folder>language</folder>
			<folder>models</folder>
			<folder>sql</folder>
			<folder>views</folder>
			<filename>access.xml</filename>
			<filename>config.xml</filename>
			<filename>controller.php</filename>
			<filename>helper.php</filename>
			<filename>index.html</filename>
			<filename>integrator.php</filename>
			<filename>jwhmcs.php</filename>
			<filename>model.php</filename>
		</files>
		
		<languages folder="admin">
			<language tag="en-GB">language/en-GB/en-GB.com_jwhmcs.ini</language>
			<language tag="en-GB">language/en-GB/en-GB.com_jwhmcs.sys.ini</language>
		</languages>
		
	</administration>
	
	<updateservers>
      <server type="integrator" priority="1" name="JWHMCS Integrator Updates" />
   </updateservers>
</extension>
