<?xml version="1.0" encoding="utf-8"?>
<!DOCTYPE install PUBLIC "-//Joomla! 1.5//DTD plugin 1.0//EN" "http://dev.joomla.org/xml/1.5/plugin-install.dtd">
<install version="2.1.2 RC1" type="plugin" group="system">
	<name>System - Jwhmcs</name>
	<creationDate>2010 August 9</creationDate>
	<author>Go Higher Information Services</author>
	<authorEmail>development@gohigheris.com</authorEmail>
	<authorUrl>http://gohigheris.com</authorUrl>
	<copyright>2009 - 2010 Go Higher Information Services.  All rights reserved.</copyright>
	<license>GNU General Public License version 2, or later</license>
	<version>2.1.2 RC1</version>
	<description>WHMCS Integration System Event Manager</description>
	<files>
		<filename plugin="jwhmcs_sysm">jwhmcs_sysm.php</filename>
	</files>
	
	<languages>
		<language tag="en-GB">en-GB.plg_system_jwhmcs_sysm.ini</language>
	</languages>
	
	<params>
		<param name="sysmvers" type="hidden" default="2.1.2 RC1" label="" />
	</params>
</install>