<?xml version="1.0" encoding="utf-8"?>
<extension type="module" client="site" version="1.6.0" method="upgrade">
	<name>mod_jwhmcslogin</name>
	<author>Go Higher Information Services</author>
	<creationDate>2011 February 10</creationDate>
	<copyright>2009 - 2011 Go Higher Information Services.  All rights reserved.</copyright>
	<license>GNU/GPL v2 or later http://www.gnu.org/licenses/gpl-2.0.html</license>
	<authorEmail>development@gohigheris.com</authorEmail>
	<authorUrl>https://www.gohigheris.com</authorUrl>
	<version>2.30</version>
	<description>MOD_JWHMCSLOGIN_XML_DESCRIPTION</description>
	
	<files>
		<filename module="mod_jwhmcslogin">mod_jwhmcslogin.php</filename>
		<folder>tmpl</folder>
		<filename>helper.php</filename>
		<filename>index.html</filename>
		<filename>mod_jwhmcslogin.xml</filename>
	</files>
	
	<languages>
		<language tag="en-GB">en-GB.mod_jwhmcslogin.ini</language>
		<language tag="en-GB">en-GB.mod_jwhmcslogin.sys.ini</language>
	</languages>
	
	<config>
		<fields name="params">
			<fieldset name="basic">
				<field name="moduleclass_sfx" type="text" default="" label="Module Class Suffix" description="PARAMMODULECLASSSUFFIX" />
				<field name="pretext" type="textarea" cols="30" rows="5" default="" label="MOD_JWHMCSLOGIN_PARAM_NAME_PRETEXT" description="MOD_JWHMCSLOGIN_PARAM_DESC_PRETEXT" />
				<field name="posttext" type="textarea" cols="30" rows="5" label="MOD_JWHMCSLOGIN_PARAM_NAME_POSTTEXT" description="MOD_JWHMCSLOGIN_PARAM_DESC_POSTTEXT" />
				<field name="greeting" type="radio" default="1" label="MOD_JWHMCSLOGIN_PARAM_NAME_GREETING" description="MOD_JWHMCSLOGIN_PARAM_DESC_GREETING">
					<option value="0">JNo</option>
					<option value="1">JYes</option>
				</field>
				<field name="name" type="list" default="0" label="MOD_JWHMCSLOGIN_PARAM_NAME_NAMEUSER" description="MOD_JWHMCSLOGIN_PARAM_DESC_NAMEUSER" >
					<option value="0">Username</option>
					<option value="1">Name</option>
				</field>
				<field name="redirectsuccess" type="text" default="" label="MOD_JWHMCSLOGIN_PARAM_NAME_REDIRECTSUCCESS" description="MOD_JWHMCSLOGIN_PARAM_DESC_REDIRECTSUCCESS" />
				<field name="redirectwhmcs" type="list" default="0" label="MOD_JWHMCSLOGIN_PARAM_NAME_REDIRECTWHMCS" description="MOD_JWHMCSLOGIN_PARAM_DESC_REDIRECTWHMCS">
					<option value="0">MOD_JWHMCSLOGIN_PARAM_OPTN_DONTSPECIFY</option>
					<option value="1">MOD_JWHMCSLOGIN_PARAM_OPTN_REDIRWHMCS</option>
					<option value="2">MOD_JWHMCSLOGIN_PARAM_OPTN_REDIRJOOMLA</option>
				</field>
				<field name="addfunds" type="radio" default="0" label="MOD_JWHMCSLOGIN_PARAM_NAME_DISPLAYFUNDS" description="MOD_JWHMCSLOGIN_PARAM_DESC_DISPLAYFUNDS">
					<option value="0">JNo</option>
					<option value="1">JYes</option>
				</field>
				<field name="displaycredit" type="radio" default="0" label="MOD_JWHMCSLOGIN_PARAM_NAME_DISPLAYCREDIT" description="MOD_JWHMCSLOGIN_PARAM_DESC_DISPLAYCREDIT">
					<option value="0">JNo</option>
					<option value="1">JYes</option>
				</field>
				<field name="displaycreditsymbol" type="text" default="$" size="5" label="MOD_JWHMCSLOGIN_PARAM_NAME_DISPLAYCREDSYM" description="MOD_JWHMCSLOGIN_PARAM_DESC_DISPLAYCREDSYM" />
			</fieldset>
		</fields>
	</config>
	
	<updateservers>
      <server type="extension" priority="1" name="Extension Update Site">http://update.gohigheris.com/integrator/mod_jwhmcslogin</server>
   </updateservers>
</extension>