<?xml version="1.0" encoding="utf-8"?>

<extension version="2.5" type="plugin" group="system" method="upgrade">
	<name>plg_system_belong</name>
	<creationDate>2016 October 23</creationDate>
	<author>Go Higher Information Services, LLC</author>
	<authorEmail>development@gohigheris.com</authorEmail>
	<authorUrl>https://www.gohigheris.com</authorUrl>
	<copyright>2013 Go Higher Information Services, LLC.  All rights reserved.</copyright>
	<license>GNU General Public License version 2, or later</license>
	<version>2.2.0</version>
	<description>PLG_SYSTEM_BELONG_SYSTEM_XML_DESCRIPTION</description>
	
	<scriptfile>script.php</scriptfile>
	
	<files>
		<folder>api</folder>
		<folder>language</folder>
		<filename plugin="belong_system">belong_system.php</filename>
		<filename>script.php</filename>
		<filename>index.html</filename>
	</files>
	
	<languages folder="language">
		<language tag="en-GB">en-GB/en-GB.plg_system_belong_system.ini</language>
		<language tag="en-GB">en-GB/en-GB.plg_system_belong_system.sys.ini</language>
	</languages>
	
	<config>
		<fields name="params">
			<fieldset name="general">
				<field name="token" type="password" value="" description="PLG_BELONG_TOKEN_DESC" label="PLG_BELONG_TOKEN_LABEL" />
			</fieldset>
		</fields>
	</config>
	
	<updateservers>
		<!-- Note: No spaces or linebreaks allowed between the server tags -->
		<server type="extension" priority="1" name="Go Higher Updates">https://www.gohigheris.com/updates/belong/joomla-api/?extension=belong.xml</server>
	</updateservers>
	
</extension>
