<?xml version="1.0" encoding="utf-8"?>
<install type="module" version="1.5.0" method="upgrade">
	<name>Client Login</name>
	<creationDate>2011 March 7</creationDate>
	<author>Go Higher Information Services</author>
	<authorEmail>development@gohigheris.com</authorEmail>
	<authorUrl>http://gohigheris.com</authorUrl>
	<copyright>2009 - 2010 Go Higher Information Services.  All rights reserved.</copyright>
	<license>GNU General Public License version 2, or later</license>
	<version>2.24</version>
	<description>MOD_JWHMCSLOGINDESC</description>
	
	<files>
		<filename>mod_jwhmcslogin.xml</filename>
		<filename module="mod_jwhmcslogin">mod_jwhmcslogin.php</filename>
		<filename>helper.php</filename>
		<filename>index.html</filename>
		<filename>params.ini</filename>
		<filename>tmpl/form.php</filename>
		<filename>tmpl/index.html</filename>
		<filename>tmpl/info.php</filename>
		<filename>tmpl/mod_jwhmcslogin.css</filename>
	</files>
	
	<languages>
		<language tag="en-GB">en-GB.mod_jwhmcslogin.ini</language>
	</languages>
	
	<params>
		<param name="cache" type="list" default="1" label="Caching" description="Select whether to cache the content of this module">
			<option value="0">Never</option>
		</param>
		<param name="@spacer" type="spacer" default="" label="" description="" />
		<param name="moduleclass_sfx" type="text" default="" label="Module Class Suffix" description="PARAMMODULECLASSSUFFIX" />
		<param name="pretext" type="textarea" cols="30" rows="5" default="" label="Pre-text" description="PARAMPRETEXT" />
		<param name="posttext" type="textarea" cols="30" rows="5" label="Post-text" description="PARAMPOSTTEXT" />
		<param name="greeting" type="radio" default="1" label="Greeting" description="PARAMGREETING">
			<option value="0">No</option>
			<option value="1">Yes</option>
		</param>
		<param name="name" type="list" default="0" label="Name/Username" description="PARAMNAMEUSER" >
			<option value="0">Username</option>
			<option value="1">Name</option>
		</param>
		<param name="redirectoverride" type="list" default="0" label="PARAM_NAME_REDIRECTOVERRIDE" description="PARAM_DESC_REDIRECTOVERRIDE" >
			<option value="0">PARAM_OPTN_REDIROVERRIDE_NO</option>
			<option value="1">PARAM_OPTN_REDIROVERRIDE_YES</option>
		</param>
		<param name="redirectsuccess" type="text" default="" label="PARAM_NAME_REDIRECTSUCCESS" description="PARAM_DESC_REDIRECTSUCCESS" />
		<param name="redirectwhmcs" type="list" default="0" label="PARAM_NAME_REDIRECTWHMCS" description="PARAM_DESC_REDIRECTWHMCS">
			<option value="0">PARAM_OPTN_DONTSPECIFY</option>
			<option value="1">PARAM_OPTN_REDIRWHMCS</option>
			<option value="2">PARAM_OPTN_REDIRJOOMLA</option>
		</param>
		<param name="displaycredit" type="radio" default="0" label="PARAM_NAME_DISPLAYCREDIT" description="PARAM_DESC_DISPLAYCREDIT">
			<option value="0">No</option>
			<option value="1">Yes</option>
		</param>
		<param name="displaycreditsymbol" type="text" default="$" size="5" label="PARAM_NAME_DISPLAYCREDSYM" description="PARAM_DESC_DISPLAYCREDSYM" />
	</params>
</install>
