<?xml version="1.0" encoding="utf-8"?>
<extension type="component" version="1.6.0" method="upgrade">
	<name>com_belong</name>
	<creationDate>2012 July 9</creationDate>
	<author>Go Higher Information Services</author>
	<authorEmail>development@gohigheris.com</authorEmail>
	<authorUrl>https://www.gohigheris.com</authorUrl>
	<copyright>2012 Go Higher Information Services.  All rights reserved.</copyright>
	<license>GNU General Public License version 2, or later</license>
	<version>1.1.2</version>
	<description>COM_BELONG_XML_DESCRIPTION</description>
	
	<scriptfile />
	
	<install>		<!-- SQL Runs on install -->
		<sql>
			<file driver="mysql" charset="utf8">sql/install.mysql.utf8.sql</file>
		</sql>
	</install>
	
	<uninstall>		<!-- SQL Runs on uninstall -->
		<sql>
			<file driver="mysql" charset="utf8">sql/uninstall.mysql.utf8.sql</file>
		</sql>
	</uninstall>
	
	<update />			<!-- SQL Runs on update -->
	
	<!-- Public front end files -->
	<files folder="site">
		<filename>belong.php</filename>
		<filename>controller.php</filename>
		<filename>index.html</filename>
		<filename>router.php</filename>
		<folder>controllers</folder>
		<folder>language</folder>
		<folder>models</folder>
		<folder>views</folder>
	</files>
	
	<media destination="com_belong" folder="media">
		<filename>index.html</filename>
		<folder>css</folder>
		<folder>icons</folder>
		<folder>images</folder>
		<folder>js</folder>
	</media>
	
	<administration>
		<menu img="../media/com_belong/icons/belong-16.png">COM_BELONG_MENU</menu>
		
		<!-- Back-end files -->
		<files folder="admin">
			<folder>controllers</folder>
			<folder>language</folder>
			<folder>models</folder>
			<folder>sql</folder>
			<folder>tables</folder>
			<folder>update</folder>
			<folder>views</folder>
			<filename>access.xml</filename>
			<filename>belong.helper.php</filename>
			<filename>belong.php</filename>
			<filename>class.api.php</filename>
			<filename>class.curl.php</filename>
			<filename>config.xml</filename>
			<filename>controller.php</filename>
			<filename>helper.php</filename>
			<filename>index.html</filename>
		</files>
		
		<languages folder="admin">
			<language tag="en-GB">language/en-GB/en-GB.com_belong.ini</language>
			<language tag="en-GB">language/en-GB/en-GB.com_belong.sys.ini</language>
		</languages>
		
	</administration>
	
	<updateservers />
		
</extension>