<?xml version="1.0" encoding="utf-8"?>
<install type="component" version="1.6.0" method="upgrade">
	<name>integrator</name>
	<creationDate>2013 June 17</creationDate>
	<author>Go Higher Information Services</author>
	<authorEmail>development@gohigheris.com</authorEmail>
	<authorUrl>https://www.gohigheris.com</authorUrl>
	<copyright>2009 - 2012 Go Higher Information Services.  All rights reserved.</copyright>
	<license>GNU General Public License version 2, or later</license>
	<version>3.0.15</version>
	<description>Integrator</description>
	
	<scriptfile />
	
	<install />			<!-- SQL Runs on install -->
	<uninstall />		<!-- SQL Runs on uninstall -->
	<update />			<!-- SQL Runs on update -->
	
	<!-- Public front end files -->
	<files folder="site">
		<filename>index.html</filename>
		<filename>controller.php</filename>
		<filename>integrator.php</filename>
		<filename>router.php</filename>
		<folder>controllers</folder>
		<folder>language</folder>
		<folder>models</folder>
		<folder>views</folder>
	</files>
	
	<media destination="com_integrator" folder="media">
		<filename>index.html</filename>
		<folder>css</folder>
		<folder>icons</folder>
		<folder>js</folder>
	</media>
	
	<languages folder="site/language">
		<language tag="en-GB">en-GB/en-GB.com_integrator.ini</language>
	</languages>
	
	<administration>
		<menu img="../media/com_integrator/icons/icon16-logo.png">Integrator</menu>
		
		<!-- Back-end files -->
		<files folder="admin">
			<folder>buttons</folder>
			<folder>controllers</folder>
			<folder>language</folder>
			<folder>models</folder>
			<folder>sql</folder>
			<folder>views</folder>
			<filename>access.xml</filename>
			<filename>class.api.php</filename>
			<filename>class.curl.php</filename>
			<filename>class.debug.php</filename>
			<filename>config.xml</filename>
			<filename>controller.php</filename>
			<filename>helper.php</filename>
			<filename>index.html</filename>
			<filename>integrator.class.php</filename>
			<filename>integrator.php</filename>
		</files>
		
		<languages>
			<language tag="en-GB">admin/language/en-GB/en-GB.com_integrator.ini</language>
			<language tag="en-GB">admin/language/en-GB/en-GB.com_integrator.sys.ini</language>
			<language tag="en-GB">admin/language/en-GB/en-GB.integrator.sys.ini</language>
		</languages>
		
	</administration>
	
	<updateservers />
</install>
