<?xml version="1.0" encoding="utf-8"?>
<install version="1.5" type="plugin" group="system" method="upgrade">
	<name>System - Jwhmcs</name>
	<creationDate>2011 July 5</creationDate>
	<author>Go Higher Information Services</author>
	<authorEmail>development@gohigheris.com</authorEmail>
	<authorUrl>http://gohigheris.com</authorUrl>
	<copyright>2009 - 2011 Go Higher Information Services.  All rights reserved.</copyright>
	<license>GNU General Public License version 2, or later</license>
	<version>2.2.7</version>
	<description>WHMCS Integration System Event Manager</description>
	<files>
		<filename plugin="jwhmcs_sysm">jwhmcs_sysm.php</filename>
	</files>
	
	<languages>
		<language tag="en-GB">en-GB.plg_system_jwhmcs_sysm.ini</language>
	</languages>
	
	<params>
		<param name="sysmvers" type="hidden" default="2.2.7" label="" />
	</params>
</install>