<?xml version="1.0" encoding="utf-8"?>

<install version="1.6" type="plugin" method="upgrade" group="user">
	<name>User - WHMCS AutoAuth</name>
	<creationDate>2012 February 25</creationDate>
	<author>Go Higher Information Services</author>
	<authorEmail>development@gohigheris.com</authorEmail>
	<authorUrl>https://www.gohigheris.com</authorUrl>
	<copyright>2010 - 2011 Go Higher Information Services.  All rights reserved.</copyright>
	<license>http://www.gnu.org/licenses/gpl-2.0.html GNU/GPL</license>
	<version>2.0.0</version>
	<description>PLG_USER_WHMCSAUTOAUTH_XML_DESCRIPTION</description>
	
	<files>
		<folder>language</folder>
		<filename plugin="whmcsautoauth">whmcsautoauth.php</filename>
	</files>
	
	<languages folder="language">
		<language tag="en-GB">en-GB/en-GB.plg_user_whmcsautoauth.ini</language>
		<language tag="en-GB">en-GB/en-GB.plg_user_whmcsautoauth.sys.ini</language>
	</languages>
	
	<config>
		<fields name="params">
			<fieldset name="basic">
				<field name="version" type="hidden" default="2.0.0" label="" />
				<field name="whmcsurl" type="text" default="" label="LABEL_WHMCSURL" description="DESC_WHMCSURL" />
				<field name="authkey" type="text" default="" label="LABEL_AUTOAUTHKEY" description="DESC_AUTOAUTHKEY" />
				<field name="gotourl" type="text" default="" label="LABEL_RETURNPAGE" description="DESC_RETURNPAGE" />
				<field name="logoutenable" type="radio" label="LABEL_ENABLELOGOUT" description="DESC_ENABLELOGOUT" default="0">
					<option value="1">Yes</option>
					<option value="0">No</option>
				</field>
				<field name="uservers" type="hidden" default="2.0.0" label="" />
			</fieldset>
		</fields>
	</config>
	
	<params>
		<param name="version" type="hidden" default="2.0.0" label="" />
		<param name="whmcsurl" type="text" default="" label="LABEL_WHMCSURL" description="DESC_WHMCSURL" />
		<param name="authkey" type="text" default="" label="LABEL_AUTOAUTHKEY" description="DESC_AUTOAUTHKEY" />
		<param name="gotourl" type="text" default="" label="LABEL_RETURNPAGE" description="DESC_RETURNPAGE" />
		<param name="logoutenable" type="radio" label="LABEL_ENABLELOGOUT" description="DESC_ENABLELOGOUT" default="0">
			<option value="1">Yes</option>
			<option value="0">No</option>
		</param>
	</params>
</install>