<?xml version="1.0" encoding="utf-8"?>

<extension version="1.6" type="plugin" method="upgrade" group="system">
	<name>System - JWHMCS</name>
	<creationDate>2015 June 30</creationDate>
	<author>Go Higher Information Services, LLC</author>
	<authorEmail>development@gohigheris.com</authorEmail>
	<authorUrl>https://www.gohigheris.com</authorUrl>
	<copyright>2009-2013 Go Higher Information Services, LLC.  All rights reserved.</copyright>
	<license>GNU General Public License version 2, or later</license>
	<version>2.6.00</version>
	<description>PLG_SYSTEM_JWHMCS_SYSM_XML_DESCRIPTION</description>
	
	<scriptfile />
	
	<files>
		<folder>api</folder>
		<folder>dunamis</folder>
		<folder>language</folder>
		<filename>index.html</filename>
		<filename>jwhmcs_sysm.dunamis.php</filename>
		<filename plugin="jwhmcs_sysm">jwhmcs_sysm.php</filename>
	</files>
	
	<languages folder="language">
		<language tag="en-GB">en-GB/en-GB.plg_system_jwhmcs_sysm.ini</language>
		<language tag="en-GB">en-GB/en-GB.plg_system_jwhmcs_sysm.sys.ini</language>
	</languages>
	
	<config>
		<fields name="params">
			<fieldset name="basic">
				<field name="sysmvers" type="hidden" default="2.6.00" label="" />
			</fieldset>
		</fields>
	</config>
	
	<updateservers />
	
</extension>