<?xml version="1.0" encoding="utf-8"?>

<install version="1.6" type="plugin" method="upgrade" group="authentication">
	<name>Authentication - Integrator</name>
	<creationDate>2012 October 1</creationDate>
	<author>Go Higher Information Services</author>
	<authorEmail>development@gohigheris.com</authorEmail>
	<authorUrl>https://www.gohigheris.com</authorUrl>
	<copyright>2009 - 2012 Go Higher Information Services.  All rights reserved.</copyright>
	<license>GNU General Public License version 2, or later</license>
	<version>3.0.2</version>
	<description>PLG_AUTHENTICATION_INTEGRATOR_AUTH_XML_DESCRIPTION</description>
	
	<files>
		<folder>language</folder>
		<filename plugin="integrator_auth">integrator_auth.php</filename>
	</files>
	
	<languages folder="language">
		<language tag="en-GB">en-GB/en-GB.plg_authentication_integrator_auth.ini</language>
		<language tag="en-GB">en-GB/en-GB.plg_authentication_integrator_auth.sys.ini</language>
	</languages>
	
	<config>
		<fields name="params">
			<fieldset name="basic">
				<field name="authvers" type="hidden" default="3.0.2" label="" />
			</fieldset>
		</fields>
	</config>
	
	<params>
		<param name="authvers" type="hidden" default="3.0.2" label="" />
	</params>
	
	<updateservers />
</install>