<?xml version="1.0" encoding="utf-8"?>
<!DOCTYPE install PUBLIC "-//Joomla! 1.5//DTD plugin 1.0//EN" "http://dev.joomla.org/xml/1.5/plugin-install.dtd">
<install version="1.5" type="plugin" group="user" method="upgrade">
	<name>User - WHMCS AutoAuth</name>
	<creationDate>2012 January 23</creationDate>
	<author>Go Higher Information Services</author>
	<authorEmail>development@gohigheris.com</authorEmail>
	<authorUrl>https://www.gohigheris.com</authorUrl>
	<copyright>2010 - 2011 Go Higher Information Services.  All rights reserved.</copyright>
	<license>http://www.gnu.org/licenses/gpl-2.0.html GNU/GPL</license>
	<version>1.0.0</version>
	<description>WHMCS AutoAuth User Event Manager</description>
	
	<files>
		<filename plugin="whmcsautoauth">whmcsautoauth.php</filename>
	</files>
	
	<languages>
		<language tag="en-GB">en-GB.plg_user_whmcsautoauth.ini</language>
	</languages>
	
	<params>
		<param name="version" type="hidden" default="1.0.0" label="" />
		<param name="whmcsurl" type="text" default="" label="LABEL_WHMCSURL" description="DESC_WHMCSURL" />
		<param name="authkey" type="text" default="" label="LABEL_AUTOAUTHKEY" description="DESC_AUTOAUTHKEY" />
		<param name="gotourl" type="text" default="" label="LABEL_RETURNPAGE" description="DESC_RETURNPAGE" />
		<param name="logoutenable" type="radio" label="LABEL_ENABLELOGOUT" description="DESC_ENABLELOGOUT" default="0">
			<option value="1">Yes</option>
			<option value="0">No</option>
		</param>
	</params>
</install>