<?xml version="1.0" encoding="utf-8"?>

<extension version="1.6" type="plugin" method="upgrade" group="authentication">
	<name>Authentication - JWHMCS</name>
	<creationDate>2013 December 30</creationDate>
	<author>Go Higher Information Services, LLC</author>
	<authorEmail>development@gohigheris.com</authorEmail>
	<authorUrl>https://www.gohigheris.com</authorUrl>
	<copyright>2009-2013 Go Higher Information Services, LLC.  All rights reserved.</copyright>
	<license>GNU General Public License version 2, or later</license>
	<version>2.5.10</version>
	<description>PLG_AUTHENTICATION_JWHMCS_AUTH_XML_DESCRIPTION</description>
	
	<scriptfile />
	
	<files>
		<folder>dunamis</folder>
		<folder>language</folder>
		<filename>index.html</filename>
		<filename>jwhmcs_auth.dunamis.php</filename>
		<filename plugin="jwhmcs_auth">jwhmcs_auth.php</filename>
	</files>
	
	<languages folder="language">
		<language tag="en-GB">en-GB/en-GB.plg_authentication_jwhmcs_auth.ini</language>
		<language tag="en-GB">en-GB/en-GB.plg_authentication_jwhmcs_auth.sys.ini</language>
	</languages>
	
	<config>
		<fields name="params">
			<fieldset name="basic">
				<field name="authvers" type="hidden" default="2.5.10" label="" />
			</fieldset>
		</fields>
	</config>
	
	<updateservers />
      
</extension>