<?xml version="1.0" encoding="utf-8"?>

<extension version="1.6" type="plugin" method="upgrade" group="system">
	<name>System - JWHMCS: Pricing Plugin</name>
	<creationDate>2016 October 16</creationDate>
	<author>Go Higher Information Services, LLC</author>
	<authorEmail>development@gohigheris.com</authorEmail>
	<authorUrl>https://www.gohigheris.com</authorUrl>
	<copyright>2009-2013 Go Higher Information Services, LLC.  All rights reserved.</copyright>
	<license>GNU General Public License version 2, or later</license>
	<version>2.6.20</version>
	<description>PLG_SYSTEM_JWHMCS_PRICING_XML_DESCRIPTION</description>
	
	<scriptfile />
	
	<files>
		<folder>dunamis</folder>
		<folder>language</folder>
		<filename>index.html</filename>
		<filename>jwhmcs_pricing.dunamis.php</filename>
		<filename plugin="jwhmcs_pricing">jwhmcs_pricing.php</filename>
	</files>
	
	<languages folder="language">
		<language tag="en-GB">en-GB/en-GB.plg_system_jwhmcs_pricing.ini</language>
		<language tag="en-GB">en-GB/en-GB.plg_system_jwhmcs_pricing.sys.ini</language>
	</languages>
	
	<config>
		<fields name="params">
			<fieldset name="basic">
				<field name="pricingvers" type="hidden" default="2.6.20" label="" />
				<field name="defcurrency" type="text" default="USD" label="PLG_SYSTEM_JWHMCS_PRICING_PARAM_LABEL_DEFAULTCURRENCY" description="PLG_SYSTEM_JWHMCS_PRICING_PARAM_DESC_DEFAULTCURRENCY" />
				<field name="showprefix" type="radio" label="PLG_SYSTEM_JWHMCS_PRICING_PARAM_LABEL_SHOWPREFIX" description="PLG_SYSTEM_JWHMCS_PRICING_PARAM_DESC_SHOWPREFIX" default="0">
					<option value="1">Yes</option>
					<option value="0">No</option>
				</field>
				<field name="showsuffix" type="radio" label="PLG_SYSTEM_JWHMCS_PRICING_PARAM_LABEL_SHOWSUFFIX" description="PLG_SYSTEM_JWHMCS_PRICING_PARAM_DESC_SHOWSUFFIX" default="0">
					<option value="1">Yes</option>
					<option value="0">No</option>
				</field>
			</fieldset>
		</fields>
	</config>
	
	<updateservers />
	
</extension>