2.0.0,4.0.0,7,13,<%J%>/whmcs/includes/hooks/jwhmcs.php,<%W%>/includes/hooks/jwhmcs.php
2.0.0,4.0.0,7,10,<%W%>/templates/default,<%W%>/templates/jwhmcs-default
2.0.0,4.0.0,7,10,<%W%>/templates/portal,<%W%>/templates/jwhmcs-portal
2.0.0,4.0.0,3,10,<%J%>/whmcs/templates/header.tpl,<%W%>/templates/jwhmcs-portal/header.tpl
2.0.0,4.0.0,3,9,<%J%>/whmcs/templates/header.tpl,<%W%>/templates/jwhmcs-default/header.tpl
2.0.0,4.0.0,3,10,<%J%>/whmcs/templates/footer.tpl,<%W%>/templates/jwhmcs-portal/footer.tpl
2.0.0,4.0.0,3,9,<%J%>/whmcs/templates/footer.tpl,<%W%>/templates/jwhmcs-default/footer.tpl
2.0.0,4.0.0,3,10,<%J%>/whmcs/templates/pwstrength.js,<%W%>/templates/jwhmcs-portal/pwstrength.js
2.0.0,4.0.0,3,10,<%J%>/whmcs/templates/pwstrength.js,<%W%>/templates/pwstrength.js
2.0.0,4.0.0,3,9,<%J%>/whmcs/templates/pwstrength.js,<%W%>/templates/jwhmcs-default/pwstrength.js
2.0.0,4.0.0,3,9,<%J%>/whmcs/templates/portal/clientareachangepw.tpl,<%W%>/templates/jwhmcs-portal/clientareachangepw.tpl
2.0.0,4.0.0,3,9,<%J%>/whmcs/templates/portal/clientregister.tpl,<%W%>/templates/jwhmcs-portal/clientregister.tpl
2.0.0,4.0.0,3,9,<%J%>/whmcs/templates/portal/creditcard.tpl,<%W%>/templates/jwhmcs-portal/creditcard.tpl
2.0.0,4.0.0,3,9,<%J%>/whmcs/templates/portal/forwardpage.tpl,<%W%>/templates/jwhmcs-portal/forwardpage.tpl
2.0.0,4.0.0,3,9,<%J%>/whmcs/templates/portal/supportticketsubmit-steptwo.tpl,<%W%>/templates/jwhmcs-portal/supportticketsubmit-steptwo.tpl
2.0.0,4.0.0,3,9,<%J%>/whmcs/templates/portal/viewticket.tpl,<%W%>/templates/jwhmcs-portal/viewticket.tpl
2.0.0,4.0.0,3,9,<%J%>/whmcs/templates/default/clientareachangepw.tpl,<%W%>/templates/jwhmcs-default/clientareachangepw.tpl
2.0.0,4.0.0,3,9,<%J%>/whmcs/templates/default/clientregister.tpl,<%W%>/templates/jwhmcs-default/clientregister.tpl
2.0.0,4.0.0,3,9,<%J%>/whmcs/templates/default/creditcard.tpl,<%W%>/templates/jwhmcs-default/creditcard.tpl
2.0.0,4.0.0,3,9,<%J%>/whmcs/templates/default/forwardpage.tpl,<%W%>/templates/jwhmcs-default/forwardpage.tpl
2.0.0,4.0.0,3,9,<%J%>/whmcs/templates/default/supportticketsubmit-steptwo.tpl,<%W%>/templates/jwhmcs-default/supportticketsubmit-steptwo.tpl
2.0.0,4.0.0,3,9,<%J%>/whmcs/templates/default/viewticket.tpl,<%W%>/templates/jwhmcs-default/viewticket.tpl
2.0.0,4.0.0,1,1,<%W%>/templates/orderforms/boxes/login.tpl,<%W%>/templates/orderforms/boxes/login.jwhmcs
2.0.0,4.0.0,3,9,<%J%>/whmcs/templates/orderforms/boxes/login.tpl,<%W%>/templates/orderforms/boxes/login.tpl
2.0.0,4.0.0,1,1,<%W%>/templates/orderforms/cart/viewcart.tpl,<%W%>/templates/orderforms/cart/viewcart.jwhmcs
2.0.0,4.0.0,3,9,<%J%>/whmcs/templates/orderforms/cart/viewcart.tpl,<%W%>/templates/orderforms/cart/viewcart.tpl
2.0.0,4.0.0,1,1,<%W%>/templates/orderforms/cart/login.tpl,<%W%>/templates/orderforms/cart/login.jwhmcs
2.0.0,4.0.0,3,9,<%J%>/whmcs/templates/orderforms/cart/login.tpl,<%W%>/templates/orderforms/cart/login.tpl
2.0.0,4.0.0,1,1,<%W%>/templates/orderforms/default/viewcart.tpl,<%W%>/templates/orderforms/default/viewcart.jwhmcs
2.0.0,4.0.0,3,9,<%J%>/whmcs/templates/orderforms/default/viewcart.tpl,<%W%>/templates/orderforms/default/viewcart.tpl
2.0.0,4.0.0,1,1,<%W%>/templates/orderforms/default/login.tpl,<%W%>/templates/orderforms/default/login.jwhmcs
2.0.0,4.0.0,3,9,<%J%>/whmcs/templates/orderforms/default/login.tpl,<%W%>/templates/orderforms/default/login.tpl
2.0.0,4.0.0,1,1,<%W%>/templates/orderforms/singlepage/viewcart.tpl,<%W%>/templates/orderforms/singlepage/viewcart.jwhmcs
2.0.0,4.0.0,3,9,<%J%>/whmcs/templates/orderforms/singlepage/viewcart.tpl,<%W%>/templates/orderforms/singlepage/viewcart.tpl
2.0.0,4.0.0,1,1,<%W%>/templates/orderforms/web20cart/viewcart.tpl,<%W%>/templates/orderforms/web20cart/viewcart.jwhmcs
2.0.0,4.0.0,3,9,<%J%>/whmcs/templates/orderforms/web20cart/viewcart.tpl,<%W%>/templates/orderforms/web20cart/viewcart.tpl
2.0.0,4.0.0,1,1,<%W%>/templates/orderforms/web20cart/login.tpl,<%W%>/templates/orderforms/web20cart/login.jwhmcs
2.0.0,4.0.0,3,9,<%J%>/whmcs/templates/orderforms/web20cart/login.tpl,<%W%>/templates/orderforms/web20cart/login.tpl
2.0.0,4.0.0,3,9,<%J%>/whmcs/templates/portal/style.css,<%W%>/templates/jwhmcs-portal/style.css
2.0.0,4.0.0,3,9,<%J%>/whmcs/templates/default/style.css,<%W%>/templates/jwhmcs-default/style.css
2.0.0,4.0.0,7,9,<%J%>/whmcs/images/jwhmcs.css,<%W%>/images/jwhmcs.css
2.0.0,4.0.0,7,9,<%J%>/whmcs/images/jwhmcs-progress-bar.gif,<%W%>/images/jwhmcs-progress-bar.gif
2.0.0,4.0.0,7,9,<%J%>/whmcs/images/jwhmcs-trans-bg.png,<%W%>/images/jwhmcs-trans-bg.png
