<?xml version="1.0" encoding="UTF-8"?>
<ruleset name="pcsg-generated-ruleset">
<description>Created with the PHP Coding Standard Generator. http://edorian.github.com/php-coding-standard-generator/
</description>
<rule ref="Generic.Classes.DuplicateClassName"/>
<rule ref="Generic.CodeAnalysis.EmptyStatement"/>
<rule ref="Generic.CodeAnalysis.ForLoopShouldBeWhileLoop"/>
<rule ref="Generic.CodeAnalysis.ForLoopWithTestFunctionCall"/>
<rule ref="Generic.CodeAnalysis.JumbledIncrementer"/>
<rule ref="Generic.CodeAnalysis.UnconditionalIfStatement"/>
<rule ref="Generic.CodeAnalysis.UnnecessaryFinalModifier"/>
<rule ref="Generic.CodeAnalysis.UnusedFunctionParameter"/>
<rule ref="Generic.CodeAnalysis.UselessOverridingMethod"/>
<rule ref="Generic.Commenting.Todo"/>
<rule ref="Generic.Commenting.Fixme"/>
<rule ref="Generic.ControlStructures.InlineControlStructure">
    <properties>
        <property name="error" value="false"/>
    </properties>
</rule>
<rule ref="Generic.Files.ByteOrderMark"/>
<rule ref="Generic.Files.LineLength"/>
<rule ref="Generic.Formatting.DisallowMultipleStatements"/>
<rule ref="Generic.Formatting.MultipleStatementAlignment"/>
<rule ref="Generic.Functions.CallTimePassByReference"/>
<rule ref="Generic.Metrics.CyclomaticComplexity"/>
<rule ref="Generic.Metrics.NestingLevel"/>
<rule ref="Generic.NamingConventions.ConstructorName"/>
<rule ref="Generic.NamingConventions.UpperCaseConstantName"/>
<rule ref="Generic.NamingConventions.CamelCapsFunctionName"/>
<rule ref="Generic.PHP.DeprecatedFunctions"/>
<rule ref="Generic.PHP.DisallowShortOpenTag"/>
<rule ref="Generic.PHP.ForbiddenFunctions"/>
<rule ref="Generic.PHP.LowerCaseConstant"/>
<rule ref="Generic.PHP.NoSilencedErrors"/>
<rule ref="Generic.Strings.UnnecessaryStringConcat"/>
<rule ref="MySource.PHP.EvalObjectFactory"/>
<rule ref="MySource.PHP.AjaxNullComparison"/>
<rule ref="PSR2.Classes.ClassDeclaration"/>
<rule ref="PSR2.Classes.PropertyDeclaration"/>
<rule ref="PSR2.ControlStructures.ControlStructureSpacing"/>
<rule ref="PSR2.ControlStructures.ElseIfDeclaration"/>
<rule ref="PSR2.ControlStructures.SwitchDeclaration"/>
<rule ref="PSR2.Files.EndFileNewline"/>
<rule ref="PSR2.Methods.MethodDeclaration"/>
<rule ref="PSR2.Namespaces.NamespaceDeclaration"/>
<rule ref="PSR2.Namespaces.UseDeclaration"/>
</ruleset>