<?xml version="1.0" encoding="utf-8"?>
<extension type="component" version="2.5" method="upgrade">
	<name>com_integrator</name>
	<creationDate>2015 July 23</creationDate>
	<author>Go Higher Information Services, LLC</author>
	<authorEmail>development@gohigheris.com</authorEmail>
	<authorUrl>https://www.gohigheris.com</authorUrl>
	<copyright>2009-2013 Go Higher Information Services, LLC.  All rights reserved.</copyright>
	<license>GNU General Public License version 2, or later</license>
	<version>3.1.05</version>
	<description>Integrator 3.1</description>
	
	<scriptfile>install.script.php</scriptfile>
	
	<install />			<!-- SQL Runs on install -->
	<uninstall />		<!-- SQL Runs on uninstall -->
	<update />			<!-- SQL Runs on update -->
	
	<!-- Public front end files -->
	<files folder="site">
		<filename>controller.php</filename>
		<filename>integrator.php</filename>
		<filename>router.php</filename>
		<folder>controllers</folder>
		<folder>models</folder>
		<folder>views</folder>
	</files>
	
	<media destination="com_integrator" folder="media">
		<folder>css</folder>
		<folder>icons</folder>
		<folder>js</folder>
	</media>
	
	<languages folder="translations/site">
		<language tag="en-GB">en-GB/en-GB.com_integrator.ini</language>
	</languages>
	
	<administration>
		<menu img="../media/com_integrator/icons/icon16-logo.png">Integrator</menu>
		
		<!-- Back-end files -->
		<files folder="admin">
			<folder>buttons</folder>
			<folder>controllers</folder>
			<folder>dunamis</folder>
			<folder>models</folder>
			<folder>sql</folder>
			<folder>views</folder>
			<filename>access.xml</filename>
			<filename>config.xml</filename>
			<filename>controller.php</filename>
			<filename>helper.php</filename>
			<filename>integrator.class.php</filename>
			<filename>integrator.dunamis.php</filename>
			<filename>integrator.helper.php</filename>
			<filename>integrator.legacy.php</filename>
			<filename>integrator.php</filename>
			<filename>integrator.toolbar.php</filename>
		</files>
		
		<languages folder="translations/admin">
			<language tag="en-GB">en-GB/en-GB.com_integrator.ini</language>
			<language tag="en-GB">en-GB/en-GB.com_integrator.sys.ini</language>
			<language tag="en-GB">en-GB/en-GB.integrator.sys.ini</language>
		</languages>
		
	</administration>
	
	<updateservers />
	
	<additional>
		<component name="com_dunamis" folder="additional/component/dunamis">Dunamis Component</component>
		<library name="lib_dunamis" folder="additional/library/dunamis">Dunamis Library</library>
		<module name="mod_intlogin" folder="additional/modules/mod_intlogin">Login Module</module>
		<plugin name="integrator_auth" type="authentication" folder="additional/plugins/authentication" last="false">Authentication Plugin</plugin>
		<plugin name="integrator_system" type="system" folder="additional/plugins/system" last="false">System Plugin</plugin>
		<plugin name="integrator_user" type="user" folder="additional/plugins/user" last="true">User Plugin</plugin>
	</additional>
</extension>
