<?xml version="1.0" encoding="utf-8"?>
<extension version="2.5" type="plugin" group="belong">
	<name>plg_belong_fusion</name>
	<creationDate>2012 March 31</creationDate>
	<author>Go Higher Information Services</author>
	<authorEmail>development@gohigheris.com</authorEmail>
	<authorUrl>https://www.gohigheris.com</authorUrl>
	<copyright>2012 Go Higher Information Services.  All rights reserved.</copyright>
	<license>GNU General Public License version 2, or later</license>
	<version>1.0.6</version>
	<description>PLG_BELONG_FUSION_XML_DESCRIPTION</description>

	<files>
		<filename plugin="fusion">fusion.php</filename>
		<filename>index.html</filename>
	</files>
	
	<languages folder="language">
		<language tag="en-GB">en-GB/en-GB.plg_belong_fusion.ini</language>
		<language tag="en-GB">en-GB/en-GB.plg_belong_fusion.sys.ini</language>
	</languages>
	
	<config>
		<fields name="params" addfieldpath="/administrator/components/com_belong/models/fields">
			<fieldset name="api">
				<field name="url" type="text" value="http://" description="PLG_BELONG_FUSION_CONFIG_URL_DESC" label="PLG_BELONG_FUSION_CONFIG_URL" />
				<field name="apikey" type="password" value="" description="PLG_BELONG_FUSION_CONFIG_APIKEY_DESC" label="PLG_BELONG_FUSION_CONFIG_APIKEY" />
				<field name="secret" type="password" value="" description="PLG_BELONG_FUSION_CONFIG_SECRET_DESC" label="PLG_BELONG_FUSION_CONFIG_SECRET" />
			</fieldset>
			<fieldset name="default">
				<field name="defaultgroup" type="permissiongroupsfusion" description="PLG_BELONG_FUSION_CONFIG_DEFAULTGROUP_DESC" label="PLG_BELONG_FUSION_CONFIG_DEFAULTGROUP" />
			</fieldset>
		</fields>
	</config>
	
</extension>