<?xml version="1.0" encoding="utf-8"?>
<install version="1.5" type="plugin" group="user" method="upgrade">
	<name>User - Jwhmcs</name>
	<creationDate>2011 May 19</creationDate>
	<author>Go Higher Information Services</author>
	<authorEmail>development@gohigheris.com</authorEmail>
	<authorUrl>https://www.gohigheris.com</authorUrl>
	<copyright>2009 - 2011 Go Higher Information Services.  All rights reserved.</copyright>
	<license>GNU/GPL v2 or later http://www.gnu.org/licenses/gpl-2.0.html</license>
	<version>2.32</version>
	<description>WHMCS Integration User Event Manager</description>
	<files>
		<filename plugin="jwhmcs_user">jwhmcs_user.php</filename>
	</files>
	
	<params>
		<param name="uservers" type="hidden" default="2.32" label="" />
	</params>
</install>