<?xml version="1.0" encoding="utf-8"?>
<!DOCTYPE install PUBLIC "-//Joomla! 1.5//DTD plugin 1.0//EN" "http://dev.joomla.org/xml/1.5/plugin-install.dtd">
<install version="2.0.3" type="plugin" group="system">
	<name>System - Jwhmcs</name>
	<creationDate>2010 March 18</creationDate>
	<author>Go Higher Information Services</author>
	<authorEmail>development@gohigheris.com</authorEmail>
	<authorUrl>http://gohigheris.org</authorUrl>
	<copyright>2009-2010 Go Higher Information Services.  All rights reserved.</copyright>
	<license>GNU / GPL</license>
	<version>2.0.3</version>
	<description>WHMCS Integration System Event Manager</description>
	<files>
		<filename plugin="jwhmcs_sysm">jwhmcs_sysm.php</filename>
	</files>
	
	<languages>
		<language tag="en-GB">en-GB.plg_system_jwhmcs_sysm.ini</language>
	</languages>
	
	<params>
		<param name="sysmvers" type="hidden" default="2.0.3" label="" />
		<param name="jwhmcsredirwhmcs" type="radio" label="LABEL_JWHMCSREDIRWHMCS" description="PARAM_JWHMCSREDIRWHMCS" default="0">
			<option value="1">PARAM_YES</option>
			<option value="0">PARAM_NO</option>
		</param>
		<param name="menuid" type="menuitem" label="LABEL_SYSMENUSEL" description="PARAM_SYSMENUSEL" state="0" />
	</params>
</install>