<?xml version="1.0" encoding="utf-8"?>
<!DOCTYPE install PUBLIC "-//Joomla! 1.5//DTD plugin 1.0//EN" "http://dev.joomla.org/xml/1.5/plugin-install.dtd">
<install version="2.0.2" type="plugin" group="authentication">
	<name>Authentication - Jwhmcs</name>
	<creationDate>2010 March 16</creationDate>
	<author>Go Higher Information Services</author>
	<authorEmail>development@gohigheris.com</authorEmail>
	<authorUrl>http://gohigheris.org</authorUrl>
	<copyright>2009-2010 Go Higher Information Services.  All rights reserved.</copyright>
	<license>GNU / GPL</license>
	<version>2.0.2</version>
	<description>J!WHMCS Integrator Authentication Event Plugin</description>
	
	<files>
		<filename plugin="jwhmcs_auth">jwhmcs_auth.php</filename>
	</files>
	
	<languages>
		<language tag="en-GB">en-GB.plg_authentication_jwhmcs_auth.ini</language>
	</languages>
	
	<params>
		<param name="authvers" type="hidden" default="2.0.0" label="" />
		<param name="spacer" type="spacer" default="Authentication Settings" label="" description="" />
		<param name="autoaddjoomla" type="radio" label="LABEL_AUTOADDJOOMLA" description="PARAM_AUTOADDJOOMLA" default="1">
			<option value="1">Yes</option>
			<option value="0">No</option>
		</param>
		<param name="autoupdatejoomlapw" type="radio" label="LABEL_AUTOUPDATEJOOMLAPW" description="PARAM_AUTOUPDATEJOOMLAPW" default="1">
			<option value="1">Yes</option>
			<option value="0">No</option>
		</param>
		<param name="spacer" type="spacer" default="" label="" description="" />
		<param name="autoaddwhmcs" type="radio" label="LABEL_AUTOADDWHMCS" description="PARAM_AUTOADDWHMCS" default="1">
			<option value="1">Yes</option>
			<option value="0">No</option>
		</param>
		<param name="autoupdatewhmcspw" type="radio" label="LABEL_AUTOUPDATEWHMCSPW" description="PARAM_AUTOUPDATEWHMCSPW" default="1">
			<option value="1">Yes</option>
			<option value="0">No</option>
		</param>
		<param name="spacer" type="spacer" default="New User Settings" label="" description="" />
		<param name="whmcsaddress" type="text" label="LABEL_WHMCSADDRESS" description="PARAM_WHMCSADDRESS" default="Client Address" />
		<param name="whmcscity" type="text" label="LABEL_WHMCSCITY" description="PARAM_WHMCSCITY" default="City" />
		<param name="whmcsstate" type="text" label="LABEL_WHMCSSTATE" description="PARAM_WHMCSSTATE" default="State" />
		<param name="whmcspostal" type="text" label="LABEL_WHMCSPOSTAL" description="PARAM_WHMCSPOSTAL" default="Postal Code" />
		<param name="whmcscntry" type="text" label="LABEL_WHMCSCNTRY" description="PARAM_WHMCSCNTRY" default="US" />
		<param name="whmcsphone" type="text" label="LABEL_WHMCSPHONE" description="PARAM_WHMCSPHONE" default="000-000-0000" />
	</params>
</install>