<?xml version="1.0" encoding="utf-8"?>

<extension version="1.6" type="plugin" method="upgrade" group="search">
	<name>Search - JWHMCS: Search WHMCS Knowledgebase</name>
	<creationDate>2017 January 7</creationDate>
	<author>Go Higher Information Services, LLC</author>
	<authorEmail>development@gohigheris.com</authorEmail>
	<authorUrl>https://www.gohigheris.com</authorUrl>
	<copyright>2009-2016 Go Higher Information Services, LLC.  All rights reserved.</copyright>
	<license>GNU General Public License version 2, or later</license>
	<version>2.6.21</version>
	<description>PLG_SEARCH_JWHMCS_PRICING_XML_DESCRIPTION</description>
	
	<scriptfile />
	
	<files>
		<folder>dunamis</folder>
		<folder>language</folder>
		<filename>index.html</filename>
		<filename>jwhmcs_search.dunamis.php</filename>
		<filename plugin="jwhmcs_search">jwhmcs_search.php</filename>
	</files>
	
	<languages folder="language">
		<language tag="en-GB">en-GB/en-GB.plg_search_jwhmcs_search.ini</language>
		<language tag="en-GB">en-GB/en-GB.plg_search_jwhmcs_search.sys.ini</language>
	</languages>
	
	<config>
		<fields name="params" />
	</config>
	
	<updateservers />
	
</extension>