<?xml version="1.0" encoding="UTF-8"?>
<extension type="library" version="2.5" method="upgrade">
    <name>Dunamis</name>
	<libraryname>dunamis</libraryname>
	<description>Dunamis Framework - the powerful engine behind the next generation of Go Higher products!</description>
	<creationDate>2015 July 2</creationDate>
	<author>Go Higher Information Services, LLC</author>
	<authorEmail>development@gohigheris.com</authorEmail>
	<authorUrl>https://www.gohigheris.com</authorUrl>
	<copyright>2009 - 2015 Go Higher Information Services.  All rights reserved.</copyright>
	<license>GNU General Public License version 2, or later</license>
	<version>1.4.0</version>
	<packager>Go Higher Information Services, LLC</packager>
	<packagerurl>https://www.gohigheris.com</packagerurl>
	
	<files folder="dunamis">
		<folder>dunamis</folder>
		<file>dunamis.php</file>
	</files>
	
	<updateservers>
		<server type="extension" priority="1" name="Go Higher Updates">https://www.gohigheris.com/updates/dunamis/joomla-library</server>
	</updateservers>
	
</extension>