<?xml version="1.0" encoding="utf-8"?>

<extension type="module" client="site" version="1.6.0" method="upgrade">
	<name>JWHMCS:  Login Module</name>
	<author>Go Higher Information Services, LLC</author>
	<creationDate>2012 October 24</creationDate>
	<copyright>2009 - 2012 Go Higher Information Services.  All rights reserved.</copyright>
	<license>GNU/GPL v2 or later http://www.gnu.org/licenses/gpl-2.0.html</license>
	<authorEmail>development@gohigheris.com</authorEmail>
	<authorUrl>https://www.gohigheris.com</authorUrl>
	<version>2.4.11</version>
	<description>MOD_JWHMCSLOGIN_XML_DESCRIPTION</description>
	
	<scriptfile>script.php</scriptfile>
	
	<files>
		<filename module="mod_jwhmcslogin">mod_jwhmcslogin.php</filename>
		<folder>language</folder>
		<folder>tmpl</folder>
		<filename>helper.php</filename>
		<filename>index.html</filename>
		<filename>mod_jwhmcslogin.xml</filename>
		<filename>script.php</filename>
	</files>
	
	<languages>
		<language tag="en-GB">en-GB.mod_jwhmcslogin.ini</language>
		<language tag="en-GB">en-GB.mod_jwhmcslogin.sys.ini</language>
	</languages>
	
	<config>
		<fields name="params">
			<fieldset name="basic">
				<field name="moduleclass_sfx" type="text" default="" label="Module Class Suffix" description="PARAMMODULECLASSSUFFIX" />
				<field name="pretext" type="textarea" cols="30" rows="5" default="" label="MOD_JWHMCSLOGIN_PARAM_NAME_PRETEXT" description="MOD_JWHMCSLOGIN_PARAM_DESC_PRETEXT" />
				<field name="posttext" type="textarea" cols="30" rows="5" label="MOD_JWHMCSLOGIN_PARAM_NAME_POSTTEXT" description="MOD_JWHMCSLOGIN_PARAM_DESC_POSTTEXT" />
				<field name="greeting" type="radio" default="1" label="MOD_JWHMCSLOGIN_PARAM_NAME_GREETING" description="MOD_JWHMCSLOGIN_PARAM_DESC_GREETING">
					<option value="0">JNo</option>
					<option value="1">JYes</option>
				</field>
				<field name="name" type="list" default="0" label="MOD_JWHMCSLOGIN_PARAM_NAME_NAMEUSER" description="MOD_JWHMCSLOGIN_PARAM_DESC_NAMEUSER" >
					<option value="0">Username</option>
					<option value="1">Name</option>
				</field>
				<field name="redirectoverride" type="list" default="0" label="MOD_JWHMCSLOGIN_PARAM_NAME_REDIRECTOVERRIDE" description="MOD_JWHMCSLOGIN_PARAM_DESC_REDIRECTOVERRIDE" >
					<option value="0">MOD_JWHMCSLOGIN_PARAM_OPTN_REDIROVERRIDE_NO</option>
					<option value="1">MOD_JWHMCSLOGIN_PARAM_OPTN_REDIROVERRIDE_YES</option>
				</field>
				<field name="redirectsuccess" type="text" default="" label="MOD_JWHMCSLOGIN_PARAM_NAME_REDIRECTSUCCESS" description="MOD_JWHMCSLOGIN_PARAM_DESC_REDIRECTSUCCESS" />
				<field name="redirectwhmcs" type="list" default="0" label="MOD_JWHMCSLOGIN_PARAM_NAME_REDIRECTWHMCS" description="MOD_JWHMCSLOGIN_PARAM_DESC_REDIRECTWHMCS">
					<option value="0">MOD_JWHMCSLOGIN_PARAM_OPTN_DONTSPECIFY</option>
					<option value="1">MOD_JWHMCSLOGIN_PARAM_OPTN_REDIRWHMCS</option>
					<option value="2">MOD_JWHMCSLOGIN_PARAM_OPTN_REDIRJOOMLA</option>
				</field>
				<field name="addfunds" type="radio" default="0" label="MOD_JWHMCSLOGIN_PARAM_NAME_DISPLAYFUNDS" description="MOD_JWHMCSLOGIN_PARAM_DESC_DISPLAYFUNDS">
					<option value="0">JNo</option>
					<option value="1">JYes</option>
				</field>
				<field name="displaycredit" type="radio" default="0" label="MOD_JWHMCSLOGIN_PARAM_NAME_DISPLAYCREDIT" description="MOD_JWHMCSLOGIN_PARAM_DESC_DISPLAYCREDIT">
					<option value="0">JNo</option>
					<option value="1">JYes</option>
				</field>
				<field name="displaycreditsymbol" type="text" default="$" size="5" label="MOD_JWHMCSLOGIN_PARAM_NAME_DISPLAYCREDSYM" description="MOD_JWHMCSLOGIN_PARAM_DESC_DISPLAYCREDSYM" />
			</fieldset>
			<fieldset name="gravatar">
				<!-- Gravatar Enabler -->
				<field name="enable_gravatar" type="radio" default="0" label="MOD_JWHMCSLOGIN_PARAM_NAME_GRAVATAR" description="MOD_JWHMCSLOGIN_PARAM_DESC_GRAVATAR" >
					<option value="0">JNo</option>
					<option value="1">JYes</option>
				</field>
				
				<!-- Gravatar Badge Style -->
				<field name="grav_style" type="radio" default="1" label="MOD_JWHMCSLOGIN_PARAM_NAME_BADGEDIV" description="MOD_JWHMCSLOGIN_PARAM_DESC_BADGEDIV" >
					<option value="0">JNo</option>
					<option value="1">JYes</option>
				</field>
				
				<!-- Gravatar Sizer -->
				<field name="grav_size" type="text" default="40" label="MOD_JWHMCSLOGIN_PARAM_NAME_GRAVSIZE" description="MOD_JWHMCSLOGIN_PARAM_DESC_GRAVSIZE" />
				
				<!-- Gravatar Not Found Style -->
				<field name="grav_default" type="list" default="mm" label="MOD_JWHMCSLOGIN_PARAM_NAME_GRAVDEFT" description="MOD_JWHMCSLOGIN_PARAM_DESC_GRAVDEFT">
					<option value="mm">MOD_JWHMCSLOGIN_PARAM_PAR1_GRAV__MM</option>
					<option value="identicon">MOD_JWHMCSLOGIN_PARAM_PAR2_GRAVICON</option>
					<option value="monsterid">MOD_JWHMCSLOGIN_PARAM_PAR3_GRAVMONS</option>
					<option value="wavatar">MOD_JWHMCSLOGIN_PARAM_PAR4_GRAVWAVE</option>
					<option value="retro">MOD_JWHMCSLOGIN_PARAM_PAR5_GRAVRETR</option>
				</field>
			</fieldset>
		</fields>
	</config>
	
	<updateservers />
	
</extension>