<?xml version="1.0" encoding="utf-8"?>

<install version="1.6" type="plugin" method="upgrade" group="authentication">
	<name>Authentication - JWHMCS</name>
	<creationDate>2012 July 23</creationDate>
	<author>Go Higher Information Services, LLC</author>
	<authorEmail>development@gohigheris.com</authorEmail>
	<authorUrl>https://www.gohigheris.com</authorUrl>
	<copyright>2009 - 2012 Go Higher Information Services.  All rights reserved.</copyright>
	<license>GNU/GPL v2 or later http://www.gnu.org/licenses/gpl-2.0.html</license>
	<version>2.4.7</version>
	<description>PLG_AUTHENTICATION_JWHMCS_AUTH_XML_DESCRIPTION</description>
	
	<files>
		<folder>language</folder>
		<filename plugin="jwhmcs_auth">jwhmcs_auth.php</filename>
	</files>
	
	<languages folder="language">
		<language tag="en-GB">en-GB/en-GB.plg_authentication_jwhmcs_auth.ini</language>
		<language tag="en-GB">en-GB/en-GB.plg_authentication_jwhmcs_auth.sys.ini</language>
	</languages>
	
	<config>
		<fields name="params">
			<fieldset name="basic">
				<field name="authvers" type="hidden" default="2.4.7" label="" />
			</fieldset>
		</fields>
	</config>
	
	<params>
		<param name="authvres" type="hidden" default="2.4.7" label="" />
	</params>
	
	<updateservers />
      
</install>