<?xml version="1.0" encoding="utf-8"?>

<install version="1.6" type="plugin" method="upgrade" group="system">
	<name>System - JWHMCS: Pricing Plugin</name>
	<creationDate>2013 March 19</creationDate>
	<author>Go Higher Information Services, LLC</author>
	<authorEmail>development@gohigheris.com</authorEmail>
	<authorUrl>https://www.gohigheris.com</authorUrl>
	<copyright>2009 - 2012 Go Higher Information Services.  All rights reserved.</copyright>
	<license>GNU/GPL v2 or later http://www.gnu.org/licenses/gpl-2.0.html</license>
	<version>2.4.16</version>
	<description>PLG_SYSTEM_JWHMCS_PRICING_XML_DESCRIPTION</description>
	
	<files>
		<folder>language</folder>
		<filename plugin="jwhmcs_pricing">jwhmcs_pricing.php</filename>
	</files>
	
	<languages folder="language">
		<language tag="en-GB">en-GB/en-GB.plg_system_jwhmcs_pricing.ini</language>
		<language tag="en-GB">en-GB/en-GB.plg_system_jwhmcs_pricing.sys.ini</language>
	</languages>
	
	<config>
		<fields name="params">
			<fieldset name="basic">
				<field name="pricingvers" type="hidden" default="2.4.16" label="" />
				<field name="defcurrency" type="text" default="USD" label="PLG_SYSTEM_JWHMCS_PRICING_PARAM_LABEL_DEFAULTCURRENCY" description="PLG_SYSTEM_JWHMCS_PRICING_PARAM_DESC_DEFAULTCURRENCY" />
				<field name="showprefix" type="radio" label="PLG_SYSTEM_JWHMCS_PRICING_PARAM_LABEL_SHOWPREFIX" description="PLG_SYSTEM_JWHMCS_PRICING_PARAM_DESC_SHOWPREFIX" default="0">
					<option value="1">Yes</option>
					<option value="0">No</option>
				</field>
				<field name="showsuffix" type="radio" label="PLG_SYSTEM_JWHMCS_PRICING_PARAM_LABEL_SHOWSUFFIX" description="PLG_SYSTEM_JWHMCS_PRICING_PARAM_DESC_SHOWSUFFIX" default="0">
					<option value="1">Yes</option>
					<option value="0">No</option>
				</field>
			</fieldset>
		</fields>
	</config>
	
	<params>
		<param name="sysmvers" type="hidden" default="2.4.16" label="" />
		<param name="defcurrency" type="text" default="USD" label="LABEL_DEFAULTCURRENCY" description="PARAM_DEFAULTCURRENCY" />
		<param name="showprefix" type="radio" label="LABEL_SHOWPREFIX" description="PARAM_SHOWPREFIX" default="0">
			<option value="1">Yes</option>
			<option value="0">No</option>
		</param>
		<param name="showsuffix" type="radio" label="LABEL_SHOWSUFFIX" description="PARAM_SHOWSUFFIX" default="0">
			<option value="1">Yes</option>
			<option value="0">No</option>
		</param>
	</params>
	
	<updateservers />
	
</install>