<?xml version="1.0" encoding="utf-8"?>
<!DOCTYPE install PUBLIC "-//Joomla! 1.5//DTD plugin 1.0//EN" "http://dev.joomla.org/xml/1.5/plugin-install.dtd">
<install version="1.5" type="plugin" group="user" method="upgrade">
	<name>User - Jwhmcs</name>
	<creationDate>2011 February 18</creationDate>
	<author>Go Higher Information Services</author>
	<authorEmail>development@gohigheris.com</authorEmail>
	<authorUrl>http://gohigheris.com</authorUrl>
	<copyright>2009 - 2010 Go Higher Information Services.  All rights reserved.</copyright>
	<license>GNU General Public License version 2, or later</license>
	<version>2.23</version>
	<description>WHMCS Integration User Event Manager</description>
	<files>
		<filename plugin="jwhmcs_user">jwhmcs_user.php</filename>
	</files>
	
	<params>
		<param name="uservers" type="hidden" default="2.23" label="" />
	</params>
</install>