<?xml version="1.0" encoding="utf-8"?>
<install version="1.5" type="plugin" group="system" method="upgrade">
	<name>System - Jwhmcs Language</name>
	<creationDate>2011 March 28</creationDate>
	<author>Go Higher Information Services</author>
	<authorEmail>development@gohigheris.com</authorEmail>
	<authorUrl>https://www.gohigheris.com</authorUrl>
	<copyright>2009 - 2011 Go Higher Information Services.  All rights reserved.</copyright>
	<license>GNU/GPL v2 or later http://www.gnu.org/licenses/gpl-2.0.html</license>
	<version>2.31</version>
	<description>WHMCS Integration System Event Lanuage Manager</description>
	<files>
		<filename plugin="jwhmcs_sysmlang">jwhmcs_sysmlang.php</filename>
	</files>
	
	<languages>
		<language tag="en-GB">en-GB.plg_system_jwhmcs_sysmlang.ini</language>
	</languages>
	
	<params>
		<param name="sysmlangvers" type="hidden" default="2.31" label="" />
	</params>
</install>