<?xml version="1.0" encoding="utf-8"?>
<extension version="2.5" type="plugin" group="belong" method="upgrade">
	<name>plg_belong_whmcs</name>
	<creationDate>2012 September 20</creationDate>
	<author>Go Higher Information Services</author>
	<authorEmail>development@gohigheris.com</authorEmail>
	<authorUrl>https://www.gohigheris.com</authorUrl>
	<copyright>2012 Go Higher Information Services.  All rights reserved.</copyright>
	<license>GNU General Public License version 2, or later</license>
	<version>1.1.3</version>
	<description>PLG_BELONG_WHMCS_XML_DESCRIPTION</description>
	<targetplatform>WHMCS</targetplatform>
	<targetversion>5</targetversion>
	
	<files>
		<filename plugin="whmcs">whmcs.php</filename>
		<filename>index.html</filename>
	</files>
	
	<languages folder="language">
		<language tag="en-GB">en-GB/en-GB.plg_belong_whmcs.ini</language>
		<language tag="en-GB">en-GB/en-GB.plg_belong_whmcs.sys.ini</language>
	</languages>
	
	<config />
	
</extension>
