<?xml version="1.0" encoding="utf-8"?>
<install type="component" version="2.1.2 RC8" method="upgrade">
	<name>jwhmcs</name>
	<creationDate>2010 September 13</creationDate>
	<author>Go Higher Information Services</author>
	<authorEmail>development@gohigheris.com</authorEmail>
	<authorUrl>http://gohigheris.com</authorUrl>
	<copyright>2009 - 2010 Go Higher Information Services.  All rights reserved.</copyright>
	<license>GNU General Public License version 2, or later</license>
	<version>2.1.2 RC8</version>
	<description>J!WHMCS Integrator</description>
	<installfile>install.jwhmcs.php</installfile>
	<uninstallfile>uninstall.jwhmcs.php</uninstallfile>
	<install>
		<sql>
			<file charset="utf8" driver="mysql">install.sql</file>
		</sql>
	</install>
	<uninstall>
		<sql>
			<file charset="utf8" driver="mysql">uninstall.sql</file>
		</sql>
	</uninstall>
	
	<!-- Site Main File Copy Section -->
	<files folder="site">
		<filename>controller.php</filename>
		<filename>index.html</filename>
		<filename>jwhmcs.php</filename>
		<filename>router.php</filename>
		
		<folder>controllers</folder>
		<folder>js</folder>
		<folder>models</folder>
		<folder>views</folder>
		
	</files>
	
	<languages folder="languages">
		<language tag="en-GB">en-GB.com_jwhmcs.ini</language>
	</languages>
	
	<administration>
		<menu img="components/com_jwhmcs/assets/icons/j-16-jwhmcs.png" link="option=com_jwhmcs">J!WHMCS Integrator</menu>
		
		<files folder="admin">
			<!-- Site Main File Copy Section -->
			<filename>config.xml</filename>
			<filename>controller.php</filename>
			<filename>index.html</filename>
			<filename>install.sql</filename>
			<filename>install.jwhmcs.php</filename>
			<filename>uninstall.jwhmcs.php</filename>
			<filename>jwhmcs.php</filename>
			<filename>model.php</filename>
			<filename>uninstall.sql</filename>
			
			<folder>assets</folder>
			<folder>classes</folder>
			<folder>controllers</folder>
			<folder>files</folder>
			<folder>js</folder>
			<folder>models</folder>
			<folder>tables</folder>
			<folder>views</folder>
			
		</files>
		
		<languages folder="languages/admin">
			<language tag="en-GB">en-GB.com_jwhmcs.ini</language>
		</languages>
	</administration>
</install>
