<?xml version="1.0" encoding="utf-8"?>
<install type="component" version="1.5.0" method="upgrade">
	<name>jwhmcs</name>
	<creationDate>2011 December 1</creationDate>
	<author>Go Higher Information Services</author>
	<authorEmail>development@gohigheris.com</authorEmail>
	<authorUrl>https://www.gohigheris.com</authorUrl>
	<copyright>2009 - 2011 Go Higher Information Services.  All rights reserved.</copyright>
	<license>GNU/GPL v2 or later http://www.gnu.org/licenses/gpl-2.0.html</license>
	<version>2.3.7.2</version>
	<description>J!WHMCS Integrator</description>
	<installfile />
	<uninstallfile />
	<install>
		<sql>
			<file charset="utf8" driver="mysql">install.sql</file>
		</sql>
	</install>
	<uninstall>
		<sql>
			<file charset="utf8" driver="mysql">uninstall.sql</file>
		</sql>
	</uninstall>
	
	<!-- Site Main File Copy Section -->
	<files folder="site">
		<filename>controller.php</filename>
		<filename>index.html</filename>
		<filename>jwhmcs.php</filename>
		<filename>recaptchalib.php</filename>
		<filename>router.php</filename>
		<folder>controllers</folder>
		<folder>media</folder>
		<folder>models</folder>
		<folder>views</folder>
		
	</files>
	
	<languages folder="languages">
		<language tag="en-GB">en-GB.com_jwhmcs.ini</language>
	</languages>
	
	<administration>
		<menu img="../components/com_jwhmcs/media/icons/j-16-jwhmcs.png" link="option=com_jwhmcs">J!WHMCS Integrator</menu>
		
		<files folder="admin">
			<!-- Site Main File Copy Section -->
			<filename>config.xml</filename>
			<filename>controller.php</filename>
			<filename>helper.php</filename>
			<filename>index.html</filename>
			<filename>install.sql</filename>
			<filename>install.jwhmcs.php</filename>
			<filename>uninstall.jwhmcs.php</filename>
			<filename>jwhmcs.php</filename>
			<filename>model.php</filename>
			<filename>uninstall.sql</filename>
			
			<folder>classes</folder>
			<folder>controllers</folder>
			<folder>models</folder>
			<folder>tables</folder>
			<folder>views</folder>
			
		</files>
		
		<languages folder="languages/admin">
			<language tag="en-GB">en-GB.com_jwhmcs.ini</language>
		</languages>
	</administration>
</install>
