<?xml version="1.0" encoding="utf-8"?>
<extension type="component" version="2.5" method="upgrade">
	<name>com_jwhmcs</name>
	<creationDate>2013 August 6</creationDate>
	<author>Go Higher Information Services, LLC</author>
	<authorEmail>development@gohigheris.com</authorEmail>
	<authorUrl>https://www.gohigheris.com</authorUrl>
	<copyright>2009-2013 Go Higher Information Services, LLC.  All rights reserved.</copyright>
	<license>GNU General Public License version 2, or later</license>
	<version>2.5.4</version>
	<description>COM_JWHMCS_XML_DESCRIPTION</description>
	
	<scriptfile>install.script.php</scriptfile>
	
	<install />		<!-- SQL Runs on install -->
	<uninstall />	<!-- SQL Runs on uninstall -->
	<update />		<!-- SQL Runs on update -->
	
	<!-- Public front end files -->
	<files folder="site">
		<folder>views</folder>
		<file>controller.php</file>
		<file>jwhmcs.php</file>
	</files>
	
	<media destination="com_jwhmcs" folder="media">
		<folder>css</folder>
		<folder>icons</folder>
		<folder>js</folder>
	</media>
	
	<languages folder="site/language" />
	<administration>
		<menu img="../media/com_jwhmcs/icons/j-16-jwhmcs.png">Jwhmcs</menu>
		
		<!-- Back-end files -->
		<files folder="admin">
			<folder>controllers</folder>
			<folder>dunamis</folder>
			<folder>models</folder>
			<folder>views</folder>
			<file>access.xml</file>
			<file>config.xml</file>
			<file>jwhmcs.dunamis.php</file>
			<file>jwhmcs.helper.php</file>
			<file>jwhmcs.legacy.php</file>
			<file>jwhmcs.php</file>
			<file>jwhmcs.toolbar.php</file>
		</files>
		
		<languages folder="translations/admin">
			<language tag="en-GB">en-GB/en-GB.com_jwhmcs.ini</language>
			<language tag="en-GB">en-GB/en-GB.com_jwhmcs.menu.ini</language>
			<language tag="en-GB">en-GB/en-GB.com_jwhmcs.sys.ini</language>
		</languages>
		
	</administration>
	
	<updateservers />
	
	<additional>
		<component name="com_dunamis" folder="additional/component/dunamis">Dunamis Component</component>
		<library name="lib_dunamis" folder="additional/library/dunamis">Dunamis Library</library>
		<plugin name="jwhmcs_auth" type="authentication" folder="additional/plugins/authentication" last="false">Authentication Plugin</plugin>
		<plugin name="jwhmcs_sysm" type="system" folder="additional/plugins/system" last="false">System Plugin</plugin>
		<plugin name="jwhmcs_user" type="user" folder="additional/plugins/user" last="true">User Plugin</plugin>
	</additional>
</extension>