<?xml version="1.0" encoding="utf-8"?>

<install version="1.6" type="plugin" method="upgrade" group="user">
	<name>User - Integrator</name>
	<creationDate>2013 February 6</creationDate>
	<author>Go Higher Information Services</author>
	<authorEmail>development@gohigheris.com</authorEmail>
	<authorUrl>https://www.gohigheris.com</authorUrl>
	<copyright>2009 - 2012 Go Higher Information Services.  All rights reserved.</copyright>
	<license>GNU General Public License version 2, or later</license>
	<version>3.0.10</version>
	<description>PLG_USER_INTEGRATOR_USER_XML_DESCRIPTION</description>
	
	<files>
		<folder>language</folder>
		<filename plugin="integrator_user">integrator_user.php</filename>
	</files>
	
	<languages folder="language">
		<language tag="en-GB">en-GB/en-GB.plg_user_integrator_user.ini</language>
		<language tag="en-GB">en-GB/en-GB.plg_user_integrator_user.sys.ini</language>
	</languages>
	
	<config>
		<fields name="params">
			<fieldset name="basic">
				<field name="uservers" type="hidden" default="3.0.10" label="" />
			</fieldset>
		</fields>
	</config>
	
	<params>
		<param name="uservers" type="hidden" default="3.0.10" label="" />
	</params>
	
	<updateservers />
</install>