<?xml version="1.0" encoding="utf-8"?>
<extension version="2.5" type="plugin" group="belong" method="upgrade">
	<name>plg_belong_vbulletin</name>
	<creationDate>2012 April 10</creationDate>
	<author>Go Higher Information Services</author>
	<authorEmail>development@gohigheris.com</authorEmail>
	<authorUrl>https://www.gohigheris.com</authorUrl>
	<copyright>2012 Go Higher Information Services.  All rights reserved.</copyright>
	<license>GNU General Public License version 2, or later</license>
	<version>1.1.0</version>
	<description>PLG_BELONG_VBULLETIN_XML_DESCRIPTION</description>

	<files>
		<filename plugin="vbulletin">vbulletin.php</filename>
		<filename>index.html</filename>
	</files>
	
	<languages folder="language">
		<language tag="en-GB">en-GB/en-GB.plg_belong_vbulletin.ini</language>
		<language tag="en-GB">en-GB/en-GB.plg_belong_vbulletin.sys.ini</language>
	</languages>
	
	<config>
		<fields name="params">
			<fieldset name="general">
				<field name="cwd" type="text" value="" description="PLG_BELONG_VBULLETIN_CONFIG_CWD_DESC" label="PLG_BELONG_VBULLETIN_CONFIG_CWD" />
			</fieldset>
			<fieldset name="database">
				<field name="dbhost" type="text" value="localhost" description="PLG_BELONG_VBULLETIN_CONFIG_DBHOST_DESC" label="PLG_BELONG_VBULLETIN_CONFIG_DBHOST" />
				<field name="dbuser" type="text" value="" description="PLG_BELONG_VBULLETIN_CONFIG_DBUSER_DESC" label="PLG_BELONG_VBULLETIN_CONFIG_DBUSER" />
				<field name="dbpass" type="password" value="" description="PLG_BELONG_VBULLETIN_CONFIG_DBPASS_DESC" label="PLG_BELONG_VBULLETIN_CONFIG_DBPASS" />
				<field name="dbname" type="text" value="" description="PLG_BELONG_VBULLETIN_CONFIG_DBNAME_DESC" label="PLG_BELONG_VBULLETIN_CONFIG_DBNAME" />
				<field name="dbpref" type="text" value="" description="PLG_BELONG_VBULLETIN_CONFIG_DBPREF_DESC" label="PLG_BELONG_VBULLETIN_CONFIG_DBPREF" />
			</fieldset>
		</fields>
	</config>
	
</extension>
