<?xml version="1.0" encoding="utf-8"?>

<extension version="1.6" type="plugin" method="upgrade" group="authentication">
	<name>Authentication - J!Blesta</name>
	<creationDate>2013 December 30</creationDate>
	<author>Go Higher Information Services, LLC</author>
	<authorEmail>development@gohigheris.com</authorEmail>
	<authorUrl>https://www.gohigheris.com</authorUrl>
	<copyright>2013-2014 Go Higher Information Services, LLC.  All rights reserved.</copyright>
	<license>GNU General Public License version 2, or later</license>
	<version>1.0.0</version>
	<description>PLG_AUTHENTICATION_JBLESTA_AUTH_XML_DESCRIPTION</description>
	
	<scriptfile />
	
	<files>
		<folder>dunamis</folder>
		<folder>language</folder>
		<filename>index.html</filename>
		<filename>jblesta_auth.dunamis.php</filename>
		<filename plugin="jblesta_auth">jblesta_auth.php</filename>
	</files>
	
	<languages folder="language">
		<language tag="en-GB">en-GB/en-GB.plg_authentication_jblesta_auth.ini</language>
		<language tag="en-GB">en-GB/en-GB.plg_authentication_jblesta_auth.sys.ini</language>
	</languages>
	
	<config>
		<fields name="params">
			<fieldset name="basic">
				<field name="authvers" type="hidden" default="1.0.0" label="" />
			</fieldset>
		</fields>
	</config>
	
	<updateservers />
      
</extension>