<?xml version="1.0" encoding="utf-8"?>

<extension type="module" client="site" version="1.6.0" method="upgrade">
	<name>Integrator Client Log In Module</name>
	<author>Go Higher Information Services, LLC</author>
	<creationDate>2015 December 8</creationDate>
	<copyright>2009-2013 Go Higher Information Services, LLC.  All rights reserved.</copyright>
	<license>GNU General Public License version 2, or later</license>
	<authorEmail>development@gohigheris.com</authorEmail>
	<authorUrl>https://www.gohigheris.com</authorUrl>
	<version>3.1.08</version>
	<description>This module will display a login box for guests to use to log into an Integrated web site with or their info once logged in.</description>
	
	<scriptfile>script.php</scriptfile>
	
	<files>
		<filename module="mod_intlogin">mod_intlogin.php</filename>
		<folder>tmpl</folder>
		<filename>en-GB.mod_intlogin.ini</filename>
		<filename>en-GB.mod_intlogin.sys.ini</filename>
		<filename>index.html</filename>
		<filename>mod_intlogin.xml</filename>
		<filename>script.php</filename>
	</files>
	
	<languages>
		<language tag="en-GB">en-GB.mod_intlogin.ini</language>
		<language tag="en-GB">en-GB.mod_intlogin.sys.ini</language>
	</languages>
	
	<config>
		<fields name="params" addfieldpath="/administrator/components/com_integrator/models/fields">
			<fieldset name="basic">
			
				<!-- Pretext Setting -->
				<field name="pretext" type="textarea" cols="30" rows="5" default="" label="MOD_INTLOGIN_LBL_PRETEXT" description="MOD_INTLOGIN_DSC_PRETEXT" />
				
				<!-- Posttext Setting -->
				<field name="posttext" type="textarea" cols="30" rows="5" label="MOD_INTLOGIN_LBL_POSTTEXT" description="MOD_INTLOGIN_DSC_POSTTEXT" />
				
				<!-- Display Name or Username -->
				<field name="name" type="list" default="0" label="MOD_INTLOGIN_LBL_NAMEUSER" description="MOD_INTLOGIN_DSC_NAMEUSER" >
					<option value="0">MOD_INTLOGIN_OPT_NAMEUSER_USERNAME</option>
					<option value="1">MOD_INTLOGIN_OPT_NAMEUSER_NAME</option>
				</field>
				
				<!-- Greeting Enabler -->
				<field name="greeting" type="radio" default="1" label="MOD_INTLOGIN_LBL_GREETING" description="MOD_INTLOGIN_DSC_GREETING">
					<option value="0">JNo</option>
					<option value="1">JYes</option>
				</field>
				
				<!-- Retrieve Integrated User Info -->
				<field name="retrieve_info" type="radio" default="1" label="MOD_INTLOGIN_LBL_RETRIEVEINFO" description="MOD_INTLOGIN_DSC_RETRIEVEINFO">
					<option value="0">JNo</option>
					<option value="1">JYes</option>
				</field>
				
				<!-- Display Address Info if available -->
				<field name="display_address" type="radio" default="1" label="MOD_INTLOGIN_LBL_DISPLAYADDR" description="MOD_INTLOGIN_DSC_DISPLAYADDR">
					<option value="0">JNo</option>
					<option value="1">JYes</option>
				</field>
				
			</fieldset>
			
			<fieldset name="gravatar">
				
				<!-- Gravatar Enabler -->
				<field name="enable_gravatar" type="radio" default="0" label="MOD_INTLOGIN_LBL_ENABLEGRAV" description="MOD_INTLOGIN_DSC_ENABLEGRAV" >
					<option value="0">JNo</option>
					<option value="1">JYes</option>
				</field>
				
				<!-- Gravatar Sizer -->
				<field name="grav_size" type="text" default="40" label="MOD_INTLOGIN_LBL_GRAVATARSIZE" description="MOD_INTLOGIN_DSC_GRAVATARSIZE" />
				
				<!-- Gravatar Not Found Style -->
				<field name="grav_default" type="list" default="mm" label="MOD_INTLOGIN_LBL_GRAVDEFAULT" description="MOD_INTLOGIN_DSC_GRAVDEFAULT">
					<option value="mm">MOD_INTLOGIN_OPT_GRAV__MM</option>
					<option value="identicon">MOD_INTLOGIN_OPT_GRAVICON</option>
					<option value="monsterid">MOD_INTLOGIN_OPT_GRAVMONS</option>
					<option value="wavatar">MOD_INTLOGIN_OPT_GRAVWAVE</option>
					<option value="retro">MOD_INTLOGIN_OPT_GRAVRETR</option>
				</field>
				
			</fieldset>
			
			<fieldset name="advanced">
				
				<!-- Module Class Suffix Setting -->
				<field name="moduleclass_sfx" type="text" default="" label="MOD_INTLOGIN_LBL_MODULESFX" description="MOD_INTLOGIN_DSC_MODULESFX" />
				
				<!-- Force SSL When Logging In -->
				<field name="forcessl" type="radio" default="1" label="MOD_INTLOGIN_LBL_FORCESSL" description="MOD_INTLOGIN_DSC_FORCESSL">
					<option value="0">JNo</option>
					<option value="1">JYes</option>
					<option value="2">MOD_INTLOGIN_OPT_FORCSSL_IGNORE</option>
				</field>
				
				<!-- Custom Return URL for Login -->
				<field name="mod_return_url" type="text" default="" label="MOD_INTLOGIN_LBL_MOD_RETURN_URL" description="MOD_INTLOGIN_DSC_MOD_RETURN_URL" />
				
			</fieldset>
		</fields>
	</config>
	
	<updateservers />
	
</extension>