<?xml version="1.0" encoding="utf-8"?>
<!DOCTYPE install PUBLIC "-//Joomla! 1.5//DTD plugin 1.0//EN" "http://dev.joomla.org/xml/1.5/plugin-install.dtd">
<install version="2.0.5" type="plugin" group="user">
	<name>User - Jwhmcs</name>
	<creationDate>2010 March 30</creationDate>
	<author>Go Higher Information Services</author>
	<authorEmail>development@gohigheris.com</authorEmail>
	<authorUrl>http://gohigheris.org</authorUrl>
	<copyright>2009-2010 Go Higher Information Services.  All rights reserved.</copyright>
	<license>GNU / GPL</license>
	<version>2.0.5</version>
	<description>WHMCS Integration User Event Manager</description>
	<files>
		<filename plugin="jwhmcs_user">jwhmcs_user.php</filename>
	</files>
	<params>
		<param name="uservers" type="hidden" default="2.0.5" label="" />
	</params>
</install>