<?xml version="1.0" encoding="utf-8"?>

<extension version="1.6" type="plugin" method="upgrade" group="user">
	<name>User - JWHMCS</name>
	<creationDate>2016 April 1</creationDate>
	<author>Go Higher Information Services, LLC</author>
	<authorEmail>development@gohigheris.com</authorEmail>
	<authorUrl>https://www.gohigheris.com</authorUrl>
	<copyright>2009-2013 Go Higher Information Services, LLC.  All rights reserved.</copyright>
	<license>GNU General Public License version 2, or later</license>
	<version>2.6.11</version>
	<description>PLG_USER_JWHMCS_USER_XML_DESCRIPTION</description>
	
	<scriptfile />
	
	<files>
		<folder>dunamis</folder>
		<folder>forms</folder>
		<folder>language</folder>
		<filename>index.html</filename>
		<filename>jwhmcs_user.dunamis.php</filename>
		<filename plugin="jwhmcs_user">jwhmcs_user.php</filename>
	</files>
	
	<languages folder="language">
		<language tag="en-GB">en-GB/en-GB.plg_user_jwhmcs_user.ini</language>
		<language tag="en-GB">en-GB/en-GB.plg_user_jwhmcs_user.sys.ini</language>
	</languages>
	
	<config>
		<fields name="params">
			<fieldset name="basic">
				<field name="uservers" type="hidden" default="2.6.11" label="" />
			</fieldset>
		</fields>
	</config>
	
	<updateservers />
    
</extension>