<?xml version="1.0" encoding="utf-8"?>

<extension version="1.6" type="plugin" method="upgrade" group="system">
	<name>System - Integrator</name>
	<creationDate>2017 January 28</creationDate>
	<author>Go Higher Information Services, LLC</author>
	<authorEmail>development@gohigheris.com</authorEmail>
	<authorUrl>https://www.gohigheris.com</authorUrl>
	<copyright>2009-2017 Go Higher Information Services, LLC.  All rights reserved.</copyright>
	<license>GNU General Public License version 2, or later</license>
	<version>3.1.22</version>
	<description>PLG_SYSTEM_INTEGRATOR_SYSTEM_XML_DESCRIPTION</description>
	
	<scriptfile>script.php</scriptfile>
	
	<files>
		<folder>api</folder>
		<folder>language</folder>
		<filename plugin="integrator_system">integrator_system.php</filename>
		<filename>integrator_system.dunamis.php</filename>
		<filename>script.php</filename>
	</files>
	
	<languages folder="language">
		<language tag="en-GB">en-GB/en-GB.plg_system_integrator_system.ini</language>
		<language tag="en-GB">en-GB/en-GB.plg_system_integrator_system.sys.ini</language>
	</languages>
	
	<config>
		<fields name="params">
			<fieldset name="basic">
				<field name="sysmvers" type="hidden" default="3.1.22" label="" />
			</fieldset>
		</fields>
	</config>
	
	<updateservers />
	
</extension>