<?xml version="1.0" encoding="utf-8"?>

<install version="1.6" type="plugin" method="upgrade" group="user">
	<name>User - JWHMCS</name>
	<creationDate>2013 March 26</creationDate>
	<author>Go Higher Information Services, LLC</author>
	<authorEmail>development@gohigheris.com</authorEmail>
	<authorUrl>https://www.gohigheris.com</authorUrl>
	<copyright>2009 - 2012 Go Higher Information Services.  All rights reserved.</copyright>
	<license>GNU/GPL v2 or later http://www.gnu.org/licenses/gpl-2.0.html</license>
	<version>2.4.17</version>
	<description>PLG_USER_JWHMCS_USER_XML_DESCRIPTION</description>
	
	<files>
		<folder>language</folder>
		<filename plugin="jwhmcs_user">jwhmcs_user.php</filename>
	</files>
	
	<languages folder="language">
		<language tag="en-GB">en-GB/en-GB.plg_user_jwhmcs_user.ini</language>
		<language tag="en-GB">en-GB/en-GB.plg_user_jwhmcs_user.sys.ini</language>
	</languages>
	
	<config>
		<fields name="params">
			<fieldset name="basic">
				<field name="uservers" type="hidden" default="2.4.17" label="" />
			</fieldset>
		</fields>
	</config>
	
	<params>
		<param name="uservers" type="hidden" default="2.4.17" label="" />
	</params>
	
	<updateservers />
    
</install>