<?xml version="1.0" encoding="utf-8"?>
<!DOCTYPE install PUBLIC "-//Joomla! 1.5//DTD plugin 1.0//EN" "http://dev.joomla.org/xml/1.5/plugin-install.dtd">
<install version="2.1.2 RC2" type="plugin" group="authentication">
	<name>Authentication - Jwhmcs</name>
	<creationDate>2010 August 13</creationDate>
	<author>Go Higher Information Services</author>
	<authorEmail>development@gohigheris.com</authorEmail>
	<authorUrl>http://gohigheris.com</authorUrl>
	<copyright>2009 - 2010 Go Higher Information Services.  All rights reserved.</copyright>
	<license>GNU General Public License version 2, or later</license>
	<version>2.1.2 RC2</version>
	<description>J!WHMCS Integrator Authentication Event Plugin</description>
	
	<files>
		<filename plugin="jwhmcs_auth">jwhmcs_auth.php</filename>
	</files>
	
	<languages>
		<language tag="en-GB">en-GB.plg_authentication_jwhmcs_auth.ini</language>
	</languages>
	
	<params>
		<param name="authvers" type="hidden" default="2.1.2 RC2" label="" />
	</params>
</install>