<?xml version="1.0" encoding="utf-8"?>
<extension version="1.6" type="plugin" method="upgrade" group="user">
	<name>plg_user_jwhmcs_user</name>
	<creationDate>2011 February 10</creationDate>
	<author>Go Higher Information Services</author>
	<authorEmail>development@gohigheris.com</authorEmail>
	<authorUrl>https://www.gohigheris.com</authorUrl>
	<copyright>2009 - 2011 Go Higher Information Services.  All rights reserved.</copyright>
	<license>GNU/GPL v2 or later http://www.gnu.org/licenses/gpl-2.0.html</license>
	<version>2.30</version>
	<description>PLG_USER_JWHMCS_USER_XML_DESCRIPTION</description>
	
	<files>
		<folder>language</folder>
		<filename plugin="jwhmcs_user">jwhmcs_user.php</filename>
		<filename>index.html</filename>
	</files>
	
	<languages>
		<language tag="en-GB">language/en-GB/en-GB.plg_user_jwhmcs_user.ini</language>
		<language tag="en-GB">language/en-GB/en-GB.plg_user_jwhmcs_user.sys.ini</language>
	</languages>
	
	<config>
		<fields name="params">
			<fieldset name="basic">
				<field name="uservers" type="hidden" default="2.30" label="" />
			</fieldset>
		</fields>
	</config>
	
	<updateservers>
      <server type="extension" priority="1" name="Extension Update Site">http://update.gohigheris.com/integrator/plg_jwhmcs_user</server>
   </updateservers>
</extension>