<?xml version="1.0" encoding="utf-8"?>

<extension version="1.6" type="plugin" method="upgrade" group="system">
	<name>System - JWHMCS</name>
	<creationDate>2012 September 21</creationDate>
	<author>Go Higher Information Services, LLC</author>
	<authorEmail>development@gohigheris.com</authorEmail>
	<authorUrl>https://www.gohigheris.com</authorUrl>
	<copyright>2009 - 2012 Go Higher Information Services.  All rights reserved.</copyright>
	<license>GNU/GPL v2 or later http://www.gnu.org/licenses/gpl-2.0.html</license>
	<version>2.4.9</version>
	<description>PLG_SYSTEM_JWHMCS_SYSM_XML_DESCRIPTION</description>
	
	<scriptfile>script.php</scriptfile>
	
	<files>
		<folder>language</folder>
		<filename plugin="jwhmcs_sysm">jwhmcs_sysm.php</filename>
		<filename>script.php</filename>
	</files>
	
	<languages folder="language">
		<language tag="en-GB">en-GB/en-GB.plg_system_jwhmcs_sysm.ini</language>
		<language tag="en-GB">en-GB/en-GB.plg_system_jwhmcs_sysm.sys.ini</language>
	</languages>
	
	<config>
		<fields name="params">
			<fieldset name="basic">
				<field name="sysmvers" type="hidden" default="2.4.9" label="" />
			</fieldset>
		</fields>
	</config>
	
	<updateservers />
	
</extension>