<?xml version="1.0" encoding="utf-8"?>
<install version="1.5" type="plugin" group="authentication" method="upgrade">
	<name>Authentication - Jwhmcs</name>
	<creationDate>2011 December 6</creationDate>
	<author>Go Higher Information Services</author>
	<authorEmail>development@gohigheris.com</authorEmail>
	<authorUrl>http://gohigheris.com</authorUrl>
	<copyright>2009 - 2011 Go Higher Information Services.  All rights reserved.</copyright>
	<license>GNU General Public License version 2, or later</license>
	<version>2.2.9.2</version>
	<description>J!WHMCS Integrator Authentication Event Plugin</description>
	
	<files>
		<filename plugin="jwhmcs_auth">jwhmcs_auth.php</filename>
	</files>
	
	<languages>
		<language tag="en-GB">en-GB.plg_authentication_jwhmcs_auth.ini</language>
	</languages>
	
	<params>
		<param name="authvers" type="hidden" default="2.2.9.2" label="" />
	</params>
</install>