<?xml version="1.0" encoding="utf-8"?>
<!DOCTYPE install PUBLIC "-//Joomla! 1.5//DTD plugin 1.0//EN" "http://dev.joomla.org/xml/1.5/plugin-install.dtd">
<install version="2.0.2" type="plugin" group="system">
	<name>System - Jwhmcs Language</name>
	<creationDate>2010 March 16</creationDate>
	<author>Go Higher Information Services</author>
	<authorEmail>development@gohigheris.com</authorEmail>
	<authorUrl>http://gohigheris.org</authorUrl>
	<copyright>2010 Go Higher Information Services.  All rights reserved.</copyright>
	<license>GNU / GPL</license>
	<version>2.0.2</version>
	<description>WHMCS Integration System Event Lanuage Manager</description>
	<files>
		<filename plugin="jwhmcs_sysmlang">jwhmcs_sysmlang.php</filename>
	</files>
	
	<languages>
		<language tag="en-GB">en-GB.plg_system_jwhmcs_sysmlang.ini</language>
	</languages>
	
	<params>
		<param name="sysmlangvers" type="hidden" default="2.0.2" label="" />
	</params>
</install>