<?xml version="1.0" encoding="utf-8"?>
<extension version="2.5" type="plugin" group="belong">
	<name>plg_belong_mailchimp</name>
	<creationDate>2012 April 10</creationDate>
	<author>Go Higher Information Services</author>
	<authorEmail>development@gohigheris.com</authorEmail>
	<authorUrl>https://www.gohigheris.com</authorUrl>
	<copyright>2012 Go Higher Information Services.  All rights reserved.</copyright>
	<license>GNU General Public License version 2, or later</license>
	<version>1.1.0</version>
	<description>PLG_BELONG_MAILCHIMP_XML_DESCRIPTION</description>

	<files>
		<filename plugin="mailchimp">mailchimp.php</filename>
		<filename>index.html</filename>
		<filename>MCAPI.class.php</filename>
	</files>
	
	<languages folder="language">
		<language tag="en-GB">en-GB/en-GB.plg_belong_mailchimp.ini</language>
		<language tag="en-GB">en-GB/en-GB.plg_belong_mailchimp.sys.ini</language>
	</languages>
	
	<config>
		<fields name="params" addfieldpath="/administrator/components/com_belong/models/fields">
			<fieldset name="api">
				<field name="apikey" type="password" value="" description="PLG_BELONG_MAILCHIMP_CONFIG_APIKEY_DESC" label="PLG_BELONG_MAILCHIMP_CONFIG_APIKEY" />
				<field name="apissl" type="radio" default="1" description="PLG_BELONG_MAILCHIMP_CONFIG_APISSL_DESC" label="PLG_BELONG_MAILCHIMP_CONFIG_APISSL">
					<option value="1">JYES</option>
					<option value="0">JNO</option>
				</field>
			</fieldset>
		</fields>
	</config>
	
</extension>